Id,Active,date,price
865b,false,2012-12-24,14.3975
27dd,false,2012-12-26,14.2330
c2c2,false,2012-12-27,14.1685
3a46,false,2012-12-28,14.2040
61a3,false,2012-12-31,14.1135
d14f,false,2013-01-02,13.9225
12b8,false,2013-01-03,13.8650
9acc,false,2013-01-04,13.6725
fe1e,false,2013-01-07,13.8850
6c1b,false,2013-01-08,13.8650
c523,false,2013-01-09,13.8550
154c,false,2013-01-10,13.7975
070e,false,2013-01-11,13.7325
3236,false,2013-01-14,14.1800
9c12,false,2013-01-15,14.1350
b72d,false,2013-01-16,14.3650
6986,false,2013-01-17,14.3025
14f5,false,2013-01-18,14.2925
8589,false,2013-01-22,14.5175
bdd3,false,2013-01-23,14.3700
8757,false,2013-01-24,14.3525
8049,false,2013-01-25,14.4100
1e81,false,2013-01-28,14.4775
1f95,false,2013-01-29,14.5175
d1d6,false,2013-01-30,14.7875
0846,false,2013-01-31,14.6850
ed6b,false,2013-02-01,14.7425
98d4,false,2013-02-04,14.8875
ac5f,false,2013-02-05,14.9550
30da,false,2013-02-06,14.8750
cfa9,false,2013-02-07,14.8675
7df2,false,2013-02-08,14.5250
3e65,false,2013-02-11,14.3150
c58f,false,2013-02-12,14.2075
8735,false,2013-02-13,14.2300
429a,false,2013-02-14,14.1800
4a82,false,2013-02-15,14.2450
7bd6,false,2013-02-19,14.7025
db4a,false,2013-02-20,14.8275
8d63,false,2013-02-21,14.8775
d81f,false,2013-02-22,14.6125
ecee,false,2013-02-25,14.4805
d687,false,2013-02-26,14.4135
b652,false,2013-02-27,14.4670
1b2e,false,2013-02-28,14.5665
a6b6,false,2013-03-01,14.4350
22c3,false,2013-03-04,14.6200
ead9,false,2013-03-05,14.6650
9ce6,false,2013-03-06,14.6600
d70f,false,2013-03-07,14.7350
195f,false,2013-03-08,14.7100
8ab2,false,2013-03-11,14.7950
f7b1,false,2013-03-12,14.6875
8e3b,false,2013-03-13,14.4700
63db,false,2013-03-14,14.3550
958a,false,2013-03-15,14.2600
0c4f,false,2013-03-18,14.0950
9cee,false,2013-03-19,14.0675
23b9,false,2013-03-20,14.1975
fe11,false,2013-03-21,14.4900
02e4,false,2013-03-22,14.4050
5aca,false,2013-03-25,14.3725
08a6,false,2013-03-26,14.4775
b4c5,false,2013-03-27,14.5375
69d1,false,2013-03-28,14.0475
ec5a,false,2013-04-01,13.9075
d5fa,false,2013-04-02,13.9400
309e,false,2013-04-03,13.8025
ec15,false,2013-04-04,13.7200
da8c,false,2013-04-05,13.6175
8999,false,2013-04-08,13.7800
f598,false,2013-04-09,13.9550
5f18,false,2013-04-10,13.9275
ac11,false,2013-04-11,14.0200
dd12,false,2013-04-12,14.1300
7a95,false,2013-04-15,13.9500
c5c7,false,2013-04-16,14.1150
f433,false,2013-04-17,14.2225
4db7,false,2013-04-18,14.3050
42d1,false,2013-04-19,14.2825
daa3,false,2013-04-22,14.1725
2d33,false,2013-04-23,14.1975
2d1b,false,2013-04-24,14.0400
f7e2,false,2013-04-25,14.1325
f00c,false,2013-04-26,14.1085
08ab,false,2013-04-29,14.3395
7e73,false,2013-04-30,14.1275
9211,false,2013-05-01,13.7300
c3f4,false,2013-05-02,13.7225
26e2,false,2013-05-03,13.8725
faac,false,2013-05-06,13.6925
1e22,false,2013-05-07,13.8225
4b7a,false,2013-05-08,13.9075
1183,false,2013-05-09,14.0875
b93a,false,2013-05-10,13.9900
a25b,false,2013-05-13,14.1925
2edc,false,2013-05-14,14.1475
10ab,false,2013-05-15,14.1275
6fe1,false,2013-05-16,14.2750
4425,false,2013-05-17,14.4850
9f9d,false,2013-05-20,14.6450
0848,false,2013-05-21,14.7825
badf,false,2013-05-22,14.9425
c9b7,false,2013-05-23,14.9950
a86e,false,2013-05-24,14.7625
0777,false,2013-05-28,15.0925
42de,false,2013-05-29,15.0175
c0ba,false,2013-05-30,14.9575
adb5,false,2013-05-31,15.1000
10cb,false,2013-06-03,15.3250
5f59,false,2013-06-04,15.2875
af43,false,2013-06-05,15.3200
2257,false,2013-06-06,15.2725
fc16,false,2013-06-07,15.2825
b456,false,2013-06-10,15.1175
fa1c,false,2013-06-11,15.4050
22ea,false,2013-06-12,15.4075
109f,false,2013-06-13,15.1025
db24,false,2013-06-14,15.1650
1ccb,false,2013-06-17,15.1250
0117,false,2013-06-18,15.1075
73e1,false,2013-06-19,15.2300
cea4,false,2013-06-20,14.9750
8bbe,false,2013-06-21,14.9325
fae5,false,2013-06-24,15.1200
451c,false,2013-06-25,15.0605
e164,false,2013-06-26,14.9065
5a78,false,2013-06-27,14.7890
63e4,false,2013-06-28,14.5770
0846,false,2013-07-01,14.3625
4e84,false,2013-07-02,14.3350
5cf1,false,2013-07-03,14.4125
241f,false,2013-07-05,14.3200
c0ae,false,2013-07-08,14.5550
beec,false,2013-07-09,14.6825
b0c1,false,2013-07-10,14.6475
1c13,false,2013-07-11,14.7200
ef1b,false,2013-07-12,14.2900
2354,false,2013-07-15,14.5375
d32d,false,2013-07-16,14.7525
8f12,false,2013-07-17,14.7750
21af,false,2013-07-18,14.6925
5c95,false,2013-07-19,14.9075
8632,false,2013-07-22,15.2025
353d,false,2013-07-23,14.6250
8566,false,2013-07-24,13.9250
a621,false,2013-07-25,13.5525
ad40,false,2013-07-26,13.3485
708c,false,2013-07-29,13.2930
7f9a,false,2013-07-30,12.8940
a261,false,2013-07-31,12.7460
baa5,false,2013-08-01,12.3425
ea90,false,2013-08-02,12.1275
d28a,false,2013-08-05,12.0750
9a38,false,2013-08-06,11.9350
7f17,false,2013-08-07,11.9900
1d0e,false,2013-08-08,12.2775
30ce,false,2013-08-09,12.1850
a1f2,false,2013-08-12,12.5650
ceee,false,2013-08-13,12.5775
cf1a,false,2013-08-14,12.6950
3f4d,false,2013-08-15,12.8825
784e,false,2013-08-16,12.8325
cbc1,false,2013-08-19,13.2200
7150,false,2013-08-20,13.0925
b5ef,false,2013-08-21,13.3300
e09c,false,2013-08-22,13.2200
2e2e,false,2013-08-23,13.6525
ac71,false,2013-08-26,14.2775
d1b0,false,2013-08-27,14.0530
7269,false,2013-08-28,14.0890
6e5a,false,2013-08-29,13.9310
66d8,false,2013-08-30,13.7080
1035,false,2013-09-03,13.8675
bf91,false,2013-09-04,13.5250
a67f,false,2013-09-05,13.6750
1f97,false,2013-09-06,13.6775
2b96,false,2013-09-09,13.5650
d8cf,false,2013-09-10,13.5500
853a,false,2013-09-11,13.5825
e07f,false,2013-09-12,13.9600
5f60,false,2013-09-13,13.8150
8d0f,false,2013-09-16,13.4825
8004,false,2013-09-17,13.4250
693d,false,2013-09-18,13.4775
7e40,false,2013-09-19,13.3950
4c18,false,2013-09-20,13.1525
4bde,false,2013-09-23,13.0775
7de6,false,2013-09-24,13.1250
c27e,false,2013-09-25,13.2175
fa18,false,2013-09-26,13.1675
b13c,false,2013-09-27,13.1975
d012,false,2013-09-30,12.8275
879d,false,2013-10-01,12.6800
ccac,false,2013-10-02,12.7375
239d,false,2013-10-03,12.8825
9438,false,2013-10-04,12.9500
2376,false,2013-10-07,12.9650
875c,false,2013-10-08,12.8875
ab39,false,2013-10-09,12.8775
7bc7,false,2013-10-10,12.8800
7a09,false,2013-10-11,12.6675
cc82,false,2013-10-14,12.7300
3743,false,2013-10-15,12.6700
6575,false,2013-10-16,12.7650
8526,false,2013-10-17,12.9325
98a4,false,2013-10-18,12.9125
e438,false,2013-10-21,13.0325
25c0,false,2013-10-22,13.0225
8dd8,false,2013-10-23,13.1000
d9e2,false,2013-10-24,13.0975
6190,false,2013-10-25,13.0000
01f3,false,2013-10-28,12.7060
8621,false,2013-10-29,12.7570
ef83,false,2013-10-30,12.8090
7c74,false,2013-10-31,12.6905
496a,false,2013-11-01,12.5150
2241,false,2013-11-04,12.5650
d11a,false,2013-11-05,12.5025
c754,false,2013-11-06,12.5500
7eb5,false,2013-11-07,12.6650
00ae,false,2013-11-08,12.9600
7b1c,false,2013-11-11,13.0100
6c8d,false,2013-11-12,13.1450
3ed0,false,2013-11-13,13.1500
a264,false,2013-11-14,13.1350
cb55,false,2013-11-15,12.8050
3be6,false,2013-11-18,12.8750
7f63,false,2013-11-19,12.7625
a553,false,2013-11-20,12.7375
66cf,false,2013-11-21,12.9150
6468,false,2013-11-22,13.1950
b7e9,false,2013-11-25,13.2925
1966,false,2013-11-26,13.2925
df5c,false,2013-11-27,13.2000
6aae,false,2013-11-29,13.3650
d68d,false,2013-12-02,13.2125
2d45,false,2013-12-03,13.1975
e2e8,false,2013-12-04,13.2950
a9dc,false,2013-12-05,13.2800
1af4,false,2013-12-06,13.2550
7ef7,false,2013-12-09,13.4375
6825,false,2013-12-10,13.3825
79ef,false,2013-12-11,13.4400
e6ba,false,2013-12-12,13.2375
d90b,false,2013-12-13,13.2750
9529,false,2013-12-16,13.3775
5d89,false,2013-12-17,13.4650
cd60,false,2013-12-18,13.2400
7a7f,false,2013-12-19,13.2700
ef14,false,2013-12-20,13.3900
4132,false,2013-12-23,13.2850
13e2,false,2013-12-24,13.3375
da4d,false,2013-12-26,13.1605
09ac,false,2013-12-27,13.2440
b329,false,2013-12-30,13.1655
422f,false,2013-12-31,12.9650
d26c,false,2014-01-02,12.7000
cd7c,false,2014-01-03,12.7125
2a7a,false,2014-01-06,12.7675
2339,false,2014-01-07,12.7600
e9ef,false,2014-01-08,12.6925
c72a,false,2014-01-09,12.7375
7612,false,2014-01-10,12.7850
c3c5,false,2014-01-13,12.9425
c79f,false,2014-01-14,13.0700
f1a1,false,2014-01-15,13.1800
17bc,false,2014-01-16,13.1500
d060,false,2014-01-17,13.1650
ae3a,false,2014-01-21,12.8050
73ec,false,2014-01-22,12.7950
b1b3,false,2014-01-23,12.7700
ebca,false,2014-01-24,12.8475
7934,false,2014-01-27,12.8775
f119,false,2014-01-28,12.8550
3ce2,false,2014-01-29,12.6925
bb3a,false,2014-01-30,12.7500
07b3,false,2014-01-31,12.8275
b725,false,2014-02-03,12.9275
824c,false,2014-02-04,13.1325
264f,false,2014-02-05,13.1625
01cd,false,2014-02-06,13.2575
02b4,false,2014-02-07,13.3150
11bf,false,2014-02-10,13.2550
d297,false,2014-02-11,13.3475
0c1f,false,2014-02-12,13.2300
b113,false,2014-02-13,13.4425
be84,false,2014-02-14,13.3750
4b46,false,2014-02-18,13.6100
1b91,false,2014-02-19,13.5425
e392,false,2014-02-20,13.5825
1121,false,2014-02-21,13.7075
a560,false,2014-02-24,13.8650
2d20,false,2014-02-25,13.9665
5128,false,2014-02-26,14.0315
caab,false,2014-02-27,13.9140
6653,false,2014-02-28,14.1405
c5b6,false,2014-03-03,14.0925
8f49,false,2014-03-04,14.2300
b2a7,false,2014-03-05,14.2050
3718,false,2014-03-06,14.3800
8740,false,2014-03-07,14.5775
4354,false,2014-03-10,14.1875
69ca,false,2014-03-11,14.1300
b1cc,false,2014-03-12,13.8700
1de6,false,2014-03-13,13.9625
0f49,false,2014-03-14,13.8850
d578,false,2014-03-17,13.9175
9033,false,2014-03-18,14.1825
ba7e,false,2014-03-19,14.3125
3f0c,false,2014-03-20,14.3375
1971,false,2014-03-21,14.0875
3925,false,2014-03-24,14.2550
3a0a,false,2014-03-25,14.2800
faa6,false,2014-03-26,14.4000
ab63,false,2014-03-27,14.3650
a01c,false,2014-03-28,14.3650
606f,false,2014-03-31,14.6400
1516,false,2014-04-01,14.8400
bc62,false,2014-04-02,14.6250
0283,false,2014-04-03,14.7550
0ce1,false,2014-04-04,14.7350
c679,false,2014-04-07,14.6450
bd1c,false,2014-04-08,14.8200
0683,false,2014-04-09,14.9550
ffac,false,2014-04-10,14.8250
51de,false,2014-04-11,14.6300
a96e,false,2014-04-14,14.7650
7a3b,false,2014-04-15,15.0150
c4e0,false,2014-04-16,15.1850
c9b4,false,2014-04-17,15.1400
ee74,false,2014-04-21,14.9850
3045,false,2014-04-22,14.7950
423a,false,2014-04-23,14.6800
8d98,false,2014-04-24,14.7200
9ee8,false,2014-04-25,14.9730
825f,false,2014-04-28,15.0510
b686,false,2014-04-29,15.2010
90b4,false,2014-04-30,15.1635
be3d,false,2014-05-01,14.6100
5664,false,2014-05-02,14.7075
7912,false,2014-05-05,14.6325
8237,false,2014-05-06,14.5950
01bb,false,2014-05-07,14.4625
02b2,false,2014-05-08,14.6950
d137,false,2014-05-09,14.8700
45b7,false,2014-05-12,14.6525
e03b,false,2014-05-13,14.8375
a4f2,false,2014-05-14,14.8675
bbd7,false,2014-05-15,14.7025
bfcd,false,2014-05-16,14.6500
44e2,false,2014-05-19,14.8525
269d,false,2014-05-20,14.6975
49e9,false,2014-05-21,15.0525
3641,false,2014-05-22,15.1875
e09f,false,2014-05-23,15.1550
4f97,false,2014-05-27,14.8875
7d44,false,2014-05-28,14.9775
95b6,false,2014-05-29,14.9900
e464,false,2014-05-30,14.9325
d5a4,false,2014-06-02,15.0050
df55,false,2014-06-03,14.8125
f364,false,2014-06-04,14.8250
dc82,false,2014-06-05,14.6050
b486,false,2014-06-06,14.5700
24a6,false,2014-06-09,14.5700
669b,false,2014-06-10,14.6250
34c6,false,2014-06-11,14.4550
a019,false,2014-06-12,14.1525
4db3,false,2014-06-13,14.2575
9188,false,2014-06-16,14.2175
8938,false,2014-06-17,13.9825
e3f1,false,2014-06-18,14.0900
963c,false,2014-06-19,14.2075
8693,false,2014-06-20,14.1575
e632,false,2014-06-23,14.2475
a8bb,false,2014-06-24,14.1350
9838,false,2014-06-25,14.0495
128e,false,2014-06-26,14.1490
4ab2,false,2014-06-27,13.9960
61ee,false,2014-06-30,13.4390
503f,false,2014-07-01,13.2775
92fa,false,2014-07-02,13.1475
e721,false,2014-07-03,12.9975
ebd3,false,2014-07-07,12.7325
333a,false,2014-07-08,12.4850
6585,false,2014-07-09,12.4650
2487,false,2014-07-10,12.3275
5b5d,false,2014-07-11,11.9575
6b1b,false,2014-07-14,11.9700
e03f,false,2014-07-15,11.8050
c5df,false,2014-07-16,11.8725
0188,false,2014-07-17,11.7475
f486,false,2014-07-18,11.7675
f4dd,false,2014-07-21,11.7575
f1b7,false,2014-07-22,11.8400
1f96,false,2014-07-23,12.0100
4417,false,2014-07-24,12.0750
7ae6,false,2014-07-25,12.1225
f09f,false,2014-07-28,12.1660
83dd,false,2014-07-29,11.8450
5558,false,2014-07-30,11.4955
7f96,false,2014-07-31,11.2470
1f25,false,2014-08-01,10.7350
3538,false,2014-08-04,10.9525
7a67,false,2014-08-05,10.8150
ecda,false,2014-08-06,10.9650
a608,false,2014-08-07,10.9925
df58,false,2014-08-08,11.1375
32c2,false,2014-08-11,11.0850
bdab,false,2014-08-12,10.9425
9ec8,false,2014-08-13,10.7950
0b5f,false,2014-08-14,10.9825
4df2,false,2014-08-15,11.0250
b747,false,2014-08-18,11.1550
9128,false,2014-08-19,11.2025
1f6d,false,2014-08-20,11.1975
a914,false,2014-08-21,11.3625
e5cc,false,2014-08-22,11.6600
fabd,false,2014-08-25,11.2575
02b5,false,2014-08-26,10.6600
9f1f,false,2014-08-27,10.6095
8065,false,2014-08-28,10.4675
1873,false,2014-08-29,10.3730
34d4,false,2014-09-02,10.3200
cbdc,false,2014-09-03,10.2000
a6a2,false,2014-09-04,10.0350
dd39,false,2014-09-05,10.2150
3631,false,2014-09-08,10.0850
0a75,false,2014-09-09,9.9275
0347,false,2014-09-10,9.9375
e164,false,2014-09-11,9.8150
227f,false,2014-09-12,9.8525
66bb,false,2014-09-15,9.8950
8984,false,2014-09-16,9.8075
272f,false,2014-09-17,9.8250
9963,false,2014-09-18,9.7150
81a4,false,2014-09-19,9.5700
4a0b,false,2014-09-22,9.3825
afb0,false,2014-09-23,9.3625
2e8b,false,2014-09-24,9.3675
7f66,false,2014-09-25,9.2275
4cc3,false,2014-09-26,9.1025
b33a,false,2014-09-29,9.2350
3b85,false,2014-09-30,9.1325
de53,false,2014-10-01,9.1675
22e3,false,2014-10-02,9.2450
5e4e,false,2014-10-03,9.1225
3cc2,false,2014-10-06,9.4225
534e,false,2014-10-07,9.4075
b8a9,false,2014-10-08,9.3500
696a,false,2014-10-09,9.4200
f92b,false,2014-10-10,9.2250
c721,false,2014-10-13,9.4525
aecd,false,2014-10-14,9.6475
66e6,false,2014-10-15,9.5250
ec57,false,2014-10-16,9.6600
553b,false,2014-10-17,9.5175
63d8,false,2014-10-20,9.4425
6c43,false,2014-10-21,9.6425
c0ed,false,2014-10-22,9.6275
cdbc,false,2014-10-23,9.9325
b7b9,false,2014-10-24,9.7750
245e,false,2014-10-27,10.0600
f842,false,2014-10-28,10.0940
aaf3,false,2014-10-29,10.4540
7e51,false,2014-10-30,10.2755
e303,false,2014-10-31,10.4870
d565,false,2014-11-03,10.2975
9f4d,false,2014-11-04,10.0975
76ed,false,2014-11-05,10.1925
10b5,false,2014-11-06,10.2800
a1ad,false,2014-11-07,10.3675
157c,false,2014-11-10,10.2575
7b1c,false,2014-11-11,10.6400
e34a,false,2014-11-12,10.4775
b1d7,false,2014-11-13,10.5350
4c35,false,2014-11-14,10.2250
5bef,false,2014-11-17,10.3625
a9b7,false,2014-11-18,10.2325
70e0,false,2014-11-19,10.0475
6abe,false,2014-11-20,10.2050
7357,false,2014-11-21,10.3900
b04f,false,2014-11-24,10.3350
fe4c,false,2014-11-25,10.5100
b753,false,2014-11-26,10.4700
804d,false,2014-11-28,10.1600
67d1,false,2014-12-01,10.1700
0553,false,2014-12-02,9.9550
f07b,false,2014-12-03,9.9850
c5db,false,2014-12-04,10.1000
82cb,false,2014-12-05,10.3600
ba81,false,2014-12-08,10.4350
a24d,false,2014-12-09,10.4950
b37f,false,2014-12-10,10.3200
6c1b,false,2014-12-11,10.4250
5ab7,false,2014-12-12,10.4750
793d,false,2014-12-15,10.3900
4ada,false,2014-12-16,10.2300
48ce,false,2014-12-17,10.2700
b819,false,2014-12-18,10.3500
c601,false,2014-12-19,10.3000
ae4a,false,2014-12-22,10.3850
5f73,false,2014-12-23,10.3800
5e83,false,2014-12-24,10.2850
02fa,false,2014-12-26,10.4840
9255,false,2014-12-29,10.4430
acaf,false,2014-12-30,10.4140
f3fd,false,2014-12-31,10.2230
b619,false,2015-01-02,10.0700
4d5a,false,2015-01-05,10.4550
8420,false,2015-01-06,10.5550
2a36,false,2015-01-07,10.5650
7c12,false,2015-01-08,10.4850
5b84,false,2015-01-09,10.5250
82dc,false,2015-01-12,10.1600
5e6b,false,2015-01-13,10.0400
8c30,false,2015-01-14,10.0950
4b4c,false,2015-01-15,9.9100
568a,false,2015-01-16,9.9150
1163,false,2015-01-20,9.8200
1d3f,false,2015-01-21,9.8300
6899,false,2015-01-22,9.7650
a4b8,false,2015-01-23,9.7250
342a,false,2015-01-26,9.8300
d926,false,2015-01-27,9.7350
770c,false,2015-01-28,9.7050
5145,false,2015-01-29,9.6850
809d,false,2015-01-30,9.6100
2ad0,false,2015-02-02,9.5900
a0a5,false,2015-02-03,9.8700
65d8,false,2015-02-04,9.7200
b05a,false,2015-02-05,9.8150
9409,false,2015-02-06,9.7300
7a38,false,2015-02-09,9.7800
ba67,false,2015-02-10,9.6900
e126,false,2015-02-11,9.7750
2fa1,false,2015-02-12,9.8350
e45d,false,2015-02-13,9.9000
0bcf,false,2015-02-17,10.0750
a080,false,2015-02-18,9.9550
d26c,false,2015-02-19,10.0750
aac7,false,2015-02-20,9.9950
24e0,false,2015-02-23,9.9950
284f,false,2015-02-24,10.1650
18de,false,2015-02-25,10.0870
1ce9,false,2015-02-26,10.2520
c131,false,2015-02-27,10.3130
e3d5,false,2015-03-02,10.1350
69bd,false,2015-03-03,10.1250
4201,false,2015-03-04,9.9400
9a0d,false,2015-03-05,9.8500
a445,false,2015-03-06,9.8500
4075,false,2015-03-09,9.9350
170e,false,2015-03-10,9.8400
1690,false,2015-03-11,9.9250
e581,false,2015-03-12,9.9050
0e86,false,2015-03-13,9.7400
8e64,false,2015-03-16,9.6925
a0c1,false,2015-03-17,9.5450
7627,false,2015-03-18,9.6500
b57a,false,2015-03-19,9.6175
9e52,false,2015-03-20,9.7375
7bb9,false,2015-03-23,9.8350
6dbb,false,2015-03-24,9.8175
2872,false,2015-03-25,9.7875
b317,false,2015-03-26,9.7450
5102,false,2015-03-27,9.6725
f9fc,false,2015-03-30,9.6775
7b2d,false,2015-03-31,9.7325
56a1,false,2015-04-01,9.8975
5c6f,false,2015-04-02,9.8600
3e31,false,2015-04-06,9.7850
866f,false,2015-04-07,9.7100
7324,false,2015-04-08,9.7150
e547,false,2015-04-09,9.5350
932c,false,2015-04-10,9.5150
42d1,false,2015-04-13,9.4875
de5b,false,2015-04-14,9.6025
11cf,false,2015-04-15,9.6500
1e36,false,2015-04-16,9.6600
04ef,false,2015-04-17,9.6875
681f,false,2015-04-20,9.7750
041f,false,2015-04-21,9.7525
88c1,false,2015-04-22,9.7050
633d,false,2015-04-23,9.7825
56bb,false,2015-04-24,9.6975
73c3,false,2015-04-27,9.7300
0486,false,2015-04-28,9.7740
e559,false,2015-04-29,9.8820
2678,false,2015-04-30,9.7650
75a9,false,2015-05-01,9.6475
a2d2,false,2015-05-04,9.7625
bc85,false,2015-05-05,9.8475
7fd3,false,2015-05-06,9.8250
00ce,false,2015-05-07,9.7500
8375,false,2015-05-08,9.7625
eb0e,false,2015-05-11,9.7400
2584,false,2015-05-12,9.5550
a8f8,false,2015-05-13,9.5725
a324,false,2015-05-14,9.5700
121c,false,2015-05-15,9.5325
afed,false,2015-05-18,9.5450
211a,false,2015-05-19,9.4625
0bd9,false,2015-05-20,9.4125
fe91,false,2015-05-21,9.3850
81f6,false,2015-05-22,9.2425
5241,false,2015-05-26,9.2250
0d20,false,2015-05-27,9.2700
13a0,false,2015-05-28,9.2600
4267,false,2015-05-29,9.3400
0d06,false,2015-06-01,9.2600
0684,false,2015-06-02,9.4075
c444,false,2015-06-03,9.3525
23e2,false,2015-06-04,9.4650
fe3a,false,2015-06-05,9.3775
1b3f,false,2015-06-08,9.4425
ef05,false,2015-06-09,9.5150
d987,false,2015-06-10,9.4950
b917,false,2015-06-11,9.4000
da78,false,2015-06-12,9.4000
5833,false,2015-06-15,9.3775
72cf,false,2015-06-16,9.5750
b543,false,2015-06-17,9.6900
b37e,false,2015-06-18,9.7775
09a7,false,2015-06-19,9.7150
b8db,false,2015-06-22,9.8950
da2d,false,2015-06-23,9.8750
f149,false,2015-06-24,9.8175
b944,false,2015-06-25,9.9760
bf02,false,2015-06-26,10.0030
d3f0,false,2015-06-29,9.9770
0290,false,2015-06-30,10.5085
8f83,false,2015-07-01,10.4075
96d9,false,2015-07-02,10.3825
953e,false,2015-07-06,10.2225
280d,false,2015-07-07,9.9200
e784,false,2015-07-08,9.9675
a61a,false,2015-07-09,10.2625
15a9,false,2015-07-10,10.3200
d956,false,2015-07-13,10.3750
7e29,false,2015-07-14,10.3350
9e6c,false,2015-07-15,10.2500
4e0a,false,2015-07-16,10.1900
0f8d,false,2015-07-17,10.1475
f5c7,false,2015-07-20,10.0775
fb63,false,2015-07-21,10.1875
f783,false,2015-07-22,10.2075
156a,false,2015-07-23,10.1000
a6de,false,2015-07-24,9.9125
8925,false,2015-07-27,9.6125
3436,false,2015-07-28,9.7060
c719,false,2015-07-29,9.7260
4284,false,2015-07-30,9.7480
108b,false,2015-07-31,9.5875
b4a9,false,2015-08-03,9.4500
04dc,false,2015-08-04,9.4875
08b1,false,2015-08-05,9.6275
9e2c,false,2015-08-06,9.5600
a9b2,false,2015-08-07,9.7550
dfb2,false,2015-08-10,10.0825
ebcd,false,2015-08-11,9.8100
7387,false,2015-08-12,9.1850
be46,false,2015-08-13,9.3625
306c,false,2015-08-14,9.2525
26bc,false,2015-08-17,9.2700
cc55,false,2015-08-18,9.1325
de04,false,2015-08-19,9.0350
efe2,false,2015-08-20,9.2150
360a,false,2015-08-21,9.0525
c40a,false,2015-08-24,8.9275
7489,false,2015-08-25,8.9425
5747,false,2015-08-26,8.7520
b891,false,2015-08-27,8.8335
1d4f,false,2015-08-28,8.8860
6a78,false,2015-08-31,8.8950
72c6,false,2015-09-01,8.7400
0c06,false,2015-09-02,8.7400
f646,false,2015-09-03,8.6950
a8a4,false,2015-09-04,8.6650
3986,false,2015-09-08,8.7925
6885,false,2015-09-09,8.7225
a4ac,false,2015-09-10,8.7400
8557,false,2015-09-11,8.7425
de18,false,2015-09-14,8.8425
2c39,false,2015-09-15,8.8900
eb10,false,2015-09-16,8.8725
251b,false,2015-09-17,8.8450
d509,false,2015-09-18,8.6725
e2a8,false,2015-09-21,8.7425
7b1e,false,2015-09-22,8.6175
d220,false,2015-09-23,8.6375
7209,false,2015-09-24,8.6800
4f07,false,2015-09-25,8.8925
c99f,false,2015-09-28,8.7675
1622,false,2015-09-29,8.8425
08fe,false,2015-09-30,8.9200
58c6,false,2015-10-01,8.7725
0ef3,false,2015-10-02,8.7425
1766,false,2015-10-05,8.8425
d917,false,2015-10-06,8.8800
4b3e,false,2015-10-07,8.9100
77c8,false,2015-10-08,8.8125
7605,false,2015-10-09,8.8575
7214,false,2015-10-12,8.8750
d544,false,2015-10-13,9.1400
426a,false,2015-10-14,9.1050
9ed2,false,2015-10-15,9.0525
3632,false,2015-10-16,8.9825
a53b,false,2015-10-19,8.9100
b75e,false,2015-10-20,8.9600
1d02,false,2015-10-21,9.0525
eb4d,false,2015-10-22,8.9875
c37e,false,2015-10-23,8.9550
06f6,false,2015-10-26,8.8500
db36,false,2015-10-27,8.9120
f493,false,2015-10-28,8.8200
773f,false,2015-10-29,8.7965
31dc,false,2015-10-30,8.8535
eac7,false,2015-11-02,8.7875
299f,false,2015-11-03,8.7900
827f,false,2015-11-04,8.8400
1578,false,2015-11-05,8.6400
5800,false,2015-11-06,8.6725
e499,false,2015-11-09,8.6625
3d28,false,2015-11-10,8.5550
a726,false,2015-11-11,8.6075
3d8d,false,2015-11-12,8.6300
55e8,false,2015-11-13,8.5525
2fb6,false,2015-11-16,8.5950
a904,false,2015-11-17,8.6400
dcbc,false,2015-11-18,8.5775
23ae,false,2015-11-19,8.6000
dcfa,false,2015-11-20,8.5750
1203,false,2015-11-23,8.6425
e0ec,false,2015-11-24,8.6375
0f5c,false,2015-11-25,8.7525
f7a3,false,2015-11-27,8.7300
ee40,false,2015-11-30,8.8100
27f4,false,2015-12-01,8.8925
3b39,false,2015-12-02,8.9225
4353,false,2015-12-03,8.9750
bb21,false,2015-12-04,9.0600
5da9,false,2015-12-07,8.8225
79b8,false,2015-12-08,8.7675
c5ec,false,2015-12-09,8.7675
0fcd,false,2015-12-10,8.7825
cc68,false,2015-12-11,8.7075
f4c4,false,2015-12-14,8.7425
8158,false,2015-12-15,8.6725
05ba,false,2015-12-16,8.6250
8aec,false,2015-12-17,8.7700
1964,false,2015-12-18,8.9225
dcb1,false,2015-12-21,8.9125
ee8d,false,2015-12-22,8.8525
c732,false,2015-12-23,8.8175
96e5,false,2015-12-24,8.7525
aec8,false,2015-12-28,8.6425
8455,false,2015-12-29,8.6830
b728,false,2015-12-30,8.7235
e48c,false,2015-12-31,8.6565
930f,false,2016-01-04,8.5600
1775,false,2016-01-05,8.5725
8152,false,2016-01-06,8.6475
7708,false,2016-01-07,8.6450
d79c,false,2016-01-08,8.6525
a06a,false,2016-01-11,8.6125
a0cd,false,2016-01-12,8.7450
a9cf,false,2016-01-13,8.8000
0ec4,false,2016-01-14,8.8225
289a,false,2016-01-15,8.7900
7786,false,2016-01-19,8.8350
d822,false,2016-01-20,8.7400
0779,false,2016-01-21,8.7850
d070,false,2016-01-22,8.7650
89e3,false,2016-01-25,8.8050
1a31,false,2016-01-26,8.7650
e984,false,2016-01-27,8.8300
c0a5,false,2016-01-28,8.6775
9d59,false,2016-01-29,8.8225
4926,false,2016-02-01,8.8075
d788,false,2016-02-02,8.8625
96ea,false,2016-02-03,8.7675
7e0b,false,2016-02-04,8.7450
f519,false,2016-02-05,8.6750
fcdd,false,2016-02-08,8.6250
55ec,false,2016-02-09,8.6325
d0e1,false,2016-02-10,8.6225
cdd8,false,2016-02-11,8.7350
5198,false,2016-02-12,8.7275
3566,false,2016-02-16,8.7975
9a8f,false,2016-02-17,8.8250
389c,false,2016-02-18,8.7975
b495,false,2016-02-19,8.7825
a34a,false,2016-02-22,8.8100
225b,false,2016-02-23,8.6925
501a,false,2016-02-24,8.6845
1b8b,false,2016-02-25,8.6160
bd2f,false,2016-02-26,8.6010
f2dc,false,2016-02-29,8.5940
2da2,false,2016-03-01,8.5800
d7e4,false,2016-03-02,8.6150
1832,false,2016-03-03,8.6375
4db4,false,2016-03-04,8.7850
ae55,false,2016-03-07,8.8175
7b87,false,2016-03-08,8.8450
af0e,false,2016-03-09,8.8575
2030,false,2016-03-10,8.8925
3d31,false,2016-03-11,8.9575
dc1a,false,2016-03-14,8.9575
a1fd,false,2016-03-15,8.9200
c338,false,2016-03-16,8.9450
2cc1,false,2016-03-17,8.9775
f80c,false,2016-03-18,8.9750
9283,false,2016-03-21,9.0200
930d,false,2016-03-22,9.1025
223d,false,2016-03-23,9.0525
6b63,false,2016-03-24,9.1050
a7fb,false,2016-03-28,9.0900
b0d7,false,2016-03-29,9.1600
1124,false,2016-03-30,9.0900
9591,false,2016-03-31,9.1075
8bba,false,2016-04-01,9.1825
2636,false,2016-04-04,9.1350
465c,false,2016-04-05,9.0475
e67a,false,2016-04-06,9.0800
f813,false,2016-04-07,9.0450
5d03,false,2016-04-08,9.1675
0650,false,2016-04-11,9.2825
f85e,false,2016-04-12,9.3625
f67e,false,2016-04-13,9.5575
e2e4,false,2016-04-14,9.4800
e2a6,false,2016-04-15,9.5600
7dc5,false,2016-04-18,9.5425
586b,false,2016-04-19,9.8550
37e7,false,2016-04-20,10.0975
e825,false,2016-04-21,10.1875
e329,false,2016-04-22,9.8700
2de0,false,2016-04-25,9.9975
4940,false,2016-04-26,10.1965
9c04,false,2016-04-27,10.2280
3c28,false,2016-04-28,10.2370
91d2,false,2016-04-29,10.2800
a958,false,2016-05-02,10.4375
dfe1,false,2016-05-03,10.3000
fe0f,false,2016-05-04,10.3400
f637,false,2016-05-05,10.1225
5eab,false,2016-05-06,10.3475
d900,false,2016-05-09,10.2650
c286,false,2016-05-10,10.8400
fe53,false,2016-05-11,10.7825
f439,false,2016-05-12,10.7200
9187,false,2016-05-13,10.6500
52a9,false,2016-05-16,10.6450
ffc0,false,2016-05-17,10.8025
7e66,false,2016-05-18,10.7525
117e,false,2016-05-19,10.7150
bf1e,false,2016-05-20,10.7425
a0d2,false,2016-05-23,10.5850
5f3d,false,2016-05-24,10.5475
b045,false,2016-05-25,10.8550
3b52,false,2016-05-26,10.7975
57db,false,2016-05-27,10.8650
0892,false,2016-05-31,10.7850
450f,false,2016-06-01,10.9975
df2f,false,2016-06-02,11.4425
3baa,false,2016-06-03,11.3200
3031,false,2016-06-06,11.3825
27c4,false,2016-06-07,11.4125
3586,false,2016-06-08,11.7775
640b,false,2016-06-09,11.7600
f668,false,2016-06-10,11.7825
cc82,false,2016-06-13,11.6900
d86c,false,2016-06-14,11.6950
a233,false,2016-06-15,11.5600
bf47,false,2016-06-16,11.3450
68be,false,2016-06-17,11.5950
fbd5,false,2016-06-20,11.4350
c02e,false,2016-06-21,11.3325
ac9d,false,2016-06-22,11.3750
274e,false,2016-06-23,11.2450
d056,false,2016-06-24,11.0300
872f,false,2016-06-27,11.3235
4b54,false,2016-06-28,11.4880
c4d1,false,2016-06-29,11.4210
7218,false,2016-06-30,11.7440
5c4d,false,2016-07-01,11.6425
e378,false,2016-07-05,11.1000
7790,false,2016-07-06,11.0150
9dfd,false,2016-07-07,10.5050
c766,false,2016-07-08,10.8325
32cd,false,2016-07-11,10.7700
6cc6,false,2016-07-12,11.0225
6fff,false,2016-07-13,11.2275
bd42,false,2016-07-14,10.8375
4387,false,2016-07-15,10.7250
a558,false,2016-07-18,10.7825
9b78,false,2016-07-19,10.4400
0e65,false,2016-07-20,10.2700
f876,false,2016-07-21,10.3250
0fbd,false,2016-07-22,10.0650
aba8,false,2016-07-25,9.8375
2edd,false,2016-07-26,9.9180
1bda,false,2016-07-27,10.0620
ee5e,false,2016-07-28,9.9735
1615,false,2016-07-29,10.2250
2199,false,2016-08-01,9.8125
ec40,false,2016-08-02,9.7125
45b0,false,2016-08-03,9.7350
06d3,false,2016-08-04,9.7350
2219,false,2016-08-05,9.8800
91be,false,2016-08-08,10.0125
786b,false,2016-08-09,10.0500
79b4,false,2016-08-10,9.9850
1ff0,false,2016-08-11,10.0175
c773,false,2016-08-12,9.9900
d20e,false,2016-08-15,10.2375
b821,false,2016-08-16,10.1950
76e4,false,2016-08-17,10.3050
04c4,false,2016-08-18,10.3225
c617,false,2016-08-19,10.2700
cfc6,false,2016-08-22,10.3525
6c94,false,2016-08-23,10.3425
333f,false,2016-08-24,10.3075
2b46,false,2016-08-25,9.9825
b0cb,false,2016-08-26,9.8605
4774,false,2016-08-29,9.7565
8209,false,2016-08-30,9.5665
18a4,false,2016-08-31,9.4640
c71b,false,2016-09-01,9.4375
3a47,false,2016-09-02,9.5250
f966,false,2016-09-06,9.5975
8645,false,2016-09-07,9.7550
ef64,false,2016-09-08,9.7675
fc82,false,2016-09-09,9.8025
7201,false,2016-09-12,9.6425
aac5,false,2016-09-13,9.4400
c660,false,2016-09-14,9.4275
a7bd,false,2016-09-15,9.5050
212a,false,2016-09-16,9.6600
463a,false,2016-09-19,9.7250
fe1c,false,2016-09-20,9.8975
cc8e,false,2016-09-21,9.7550
eca4,false,2016-09-22,9.7650
4521,false,2016-09-23,9.5500
6722,false,2016-09-26,9.4525
83af,false,2016-09-27,9.5250
dda1,false,2016-09-28,9.4550
a774,false,2016-09-29,9.5025
409c,false,2016-09-30,9.5400
ff1f,false,2016-10-03,9.7300
6804,false,2016-10-04,9.6350
cc3d,false,2016-10-05,9.5675
7b5f,false,2016-10-06,9.5850
8e77,false,2016-10-07,9.5675
1314,false,2016-10-10,9.5450
fea1,false,2016-10-11,9.5425
0083,false,2016-10-12,9.4550
18c5,false,2016-10-13,9.5625
3797,false,2016-10-14,9.6250
40b4,false,2016-10-17,9.7825
6b9b,false,2016-10-18,9.7250
e4c0,false,2016-10-19,9.8150
3b7d,false,2016-10-20,9.7550
7346,false,2016-10-21,9.8300
f564,false,2016-10-24,9.9200
55c5,false,2016-10-25,9.9075
ce5d,false,2016-10-26,10.1220
f90b,false,2016-10-27,10.1855
e4b8,false,2016-10-28,10.0770
b85f,false,2016-10-31,10.0985
3a9b,false,2016-11-01,9.9325
23aa,false,2016-11-02,9.8650
c9ea,false,2016-11-03,9.8950
1c02,false,2016-11-04,9.9075
e88b,false,2016-11-07,9.9850
08b9,false,2016-11-08,10.1125
fcec,false,2016-11-09,9.9100
abc4,false,2016-11-10,9.9800
84ef,false,2016-11-11,9.8600
2aba,false,2016-11-14,9.8425
abc5,false,2016-11-15,9.8950
fd59,false,2016-11-16,9.8575
82a5,false,2016-11-17,9.8950
a50e,false,2016-11-18,9.9375
e126,false,2016-11-21,10.2025
0085,false,2016-11-22,10.3000
9299,false,2016-11-23,10.3425
f8c6,false,2016-11-25,10.4600
36b3,false,2016-11-28,10.5600
f599,false,2016-11-29,10.4250
a7c6,false,2016-11-30,10.3225
79fe,false,2016-12-01,10.2975
0ae6,false,2016-12-02,10.2750
7320,false,2016-12-05,10.4350
b205,false,2016-12-06,10.4775
13dc,false,2016-12-07,10.4900
7cbb,false,2016-12-08,10.2700
7b2e,false,2016-12-09,10.3750
a017,false,2016-12-12,10.3100
1fbd,false,2016-12-13,10.2800
789e,false,2016-12-14,10.2375
2144,false,2016-12-15,10.2900
bd67,false,2016-12-16,10.3675
2d30,false,2016-12-19,10.2150
8605,false,2016-12-20,10.0525
056c,false,2016-12-21,10.0675
6341,false,2016-12-22,9.9450
f4b4,false,2016-12-23,9.8900
30df,false,2016-12-27,10.1665
05d7,false,2016-12-28,10.1065
4cb3,false,2016-12-29,10.0895
7bb7,false,2016-12-30,10.0250
fe97,false,2017-01-03,9.9500
7670,false,2017-01-04,10.1525
d538,false,2017-01-05,10.1250
27f7,false,2017-01-06,9.9475
b08b,false,2017-01-09,10.0525
e0a2,false,2017-01-10,10.1375
69af,false,2017-01-11,10.1150
22b2,false,2017-01-12,10.4025
a7f6,false,2017-01-13,10.4625
bf4c,false,2017-01-17,10.6925
d843,false,2017-01-18,10.7500
81bf,false,2017-01-19,10.7025
1e6d,false,2017-01-20,10.6750
429e,false,2017-01-23,10.5775
1f21,false,2017-01-24,10.5850
ebf1,false,2017-01-25,10.5525
8e11,false,2017-01-26,10.4950
ad36,false,2017-01-27,10.4925
f623,false,2017-01-30,10.2275
0f2e,false,2017-01-31,10.2450
b462,false,2017-02-01,10.3675
37cd,false,2017-02-02,10.3725
6367,false,2017-02-03,10.2700
7f8c,false,2017-02-06,10.3600
62fc,false,2017-02-07,10.4275
30bf,false,2017-02-08,10.5875
8ba0,false,2017-02-09,10.5050
b016,false,2017-02-10,10.5900
3df8,false,2017-02-13,10.5425
d0ec,false,2017-02-14,10.4500
db46,false,2017-02-15,10.6125
5e79,false,2017-02-16,10.4375
befd,false,2017-02-17,10.3250
c676,false,2017-02-21,10.2625
c5cb,false,2017-02-22,10.2275
1e7f,false,2017-02-23,10.1370
06ec,false,2017-02-24,10.1780
e063,false,2017-02-27,10.1760
5f5b,false,2017-02-28,10.3360
7e98,false,2017-03-01,10.5175
8f85,false,2017-03-02,10.3725
943b,false,2017-03-03,10.3750
8037,false,2017-03-06,10.3725
f882,false,2017-03-07,10.2525
535d,false,2017-03-08,10.2175
f5e7,false,2017-03-09,10.1100
4804,false,2017-03-10,10.0650
a2c4,false,2017-03-13,10.0600
87df,false,2017-03-14,9.9925
d392,false,2017-03-15,9.9800
f3bc,false,2017-03-16,10.0150
d3f8,false,2017-03-17,10.0000
3351,false,2017-03-20,9.9950
1919,false,2017-03-21,10.0150
9fdc,false,2017-03-22,9.9975
3a32,false,2017-03-23,9.9100
d804,false,2017-03-24,9.7575
7bac,false,2017-03-27,9.7150
4792,false,2017-03-28,9.7200
8bb0,false,2017-03-29,9.6900
de6e,false,2017-03-30,9.6300
edcf,false,2017-03-31,9.4600
eebd,false,2017-04-03,9.3825
b56f,false,2017-04-04,9.3775
3d03,false,2017-04-05,9.4425
5b9d,false,2017-04-06,9.4150
7b21,false,2017-04-07,9.4200
c59c,false,2017-04-10,9.4175
0e7e,false,2017-04-11,9.3925
46c0,false,2017-04-12,9.4775
30bb,false,2017-04-13,9.5550
47af,false,2017-04-17,9.5325
daf5,false,2017-04-18,9.4600
5105,false,2017-04-19,9.5025
4a0b,false,2017-04-20,9.4675
540b,false,2017-04-21,9.5100
5e9b,false,2017-04-24,9.6125
e101,false,2017-04-25,9.5660
5ee0,false,2017-04-26,9.5005
004d,false,2017-04-27,9.5265
54ee,false,2017-04-28,9.5405
5c17,false,2017-05-01,9.7025
6659,false,2017-05-02,9.6875
1ab6,false,2017-05-03,9.7525
6896,false,2017-05-04,9.7425
8378,false,2017-05-05,9.7300
b70c,false,2017-05-08,9.6475
d779,false,2017-05-09,9.7400
d4b2,false,2017-05-10,9.7025
160f,false,2017-05-11,9.6625
93aa,false,2017-05-12,9.6300
d653,false,2017-05-15,9.6525
da92,false,2017-05-16,9.7625
76d4,false,2017-05-17,9.7575
9e1a,false,2017-05-18,9.4475
cdc8,false,2017-05-19,9.5300
f2d3,false,2017-05-22,9.5650
432a,false,2017-05-23,9.4825
f2c1,false,2017-05-24,9.4825
184e,false,2017-05-25,9.3950
4092,false,2017-05-26,9.2650
a231,false,2017-05-30,9.1275
b360,false,2017-05-31,9.1600
4a8a,false,2017-06-01,9.1225
98d6,false,2017-06-02,9.2125
1835,false,2017-06-05,9.2200
c88d,false,2017-06-06,9.2350
2593,false,2017-06-07,9.3075
d945,false,2017-06-08,9.3800
0e7d,false,2017-06-09,9.4150
ed34,false,2017-06-12,9.3125
28bf,false,2017-06-13,9.3250
0feb,false,2017-06-14,9.3175
aab4,false,2017-06-15,9.3475
f15d,false,2017-06-16,9.3900
8397,false,2017-06-19,9.3775
1b39,false,2017-06-20,9.2775
cf3b,false,2017-06-21,9.1875
e3f3,false,2017-06-22,9.0400
54fb,false,2017-06-23,9.0450
7b6b,false,2017-06-26,9.0675
3096,false,2017-06-27,9.1220
37c3,false,2017-06-28,9.1600
0e20,false,2017-06-29,9.1865
8af1,false,2017-06-30,9.4605
0cf1,false,2017-07-03,9.7000
b091,false,2017-07-05,9.8175
d902,false,2017-07-06,9.8575
1501,false,2017-07-07,10.0100
8655,false,2017-07-10,10.2475
70b1,false,2017-07-11,10.2925
0f57,false,2017-07-12,10.2075
fcdd,false,2017-07-13,9.7550
ab5e,false,2017-07-14,9.8900
952f,false,2017-07-17,9.8500
0dfd,false,2017-07-18,9.8950
8c3e,false,2017-07-19,9.9975
11df,false,2017-07-20,10.1325
c88c,false,2017-07-21,10.0900
4248,false,2017-07-24,9.9750
60e9,false,2017-07-25,9.8150
515d,false,2017-07-26,9.8975
2805,false,2017-07-27,9.9685
cc34,false,2017-07-28,10.0390
1e9b,false,2017-07-31,9.9850
6a06,false,2017-08-01,9.6425
f5e9,false,2017-08-02,9.7075
f663,false,2017-08-03,9.5400
f974,false,2017-08-04,9.5225
7f50,false,2017-08-07,9.6400
68dc,false,2017-08-08,9.6700
97fd,false,2017-08-09,9.6600
f753,false,2017-08-10,9.3400
8827,false,2017-08-11,9.3825
6b55,false,2017-08-14,9.3275
119a,false,2017-08-15,9.2175
c491,false,2017-08-16,9.2175
1534,false,2017-08-17,9.3025
a656,false,2017-08-18,9.3750
4cf8,false,2017-08-21,9.3250
dcce,false,2017-08-22,9.3375
d82d,false,2017-08-23,9.3500
7721,false,2017-08-24,9.4125
b18a,false,2017-08-25,9.3900
654e,false,2017-08-28,9.3645
b4ae,false,2017-08-29,9.3335
c2d3,false,2017-08-30,9.2915
1179,false,2017-08-31,9.4345
31d3,false,2017-09-01,9.4950
65fa,false,2017-09-05,9.6850
e436,false,2017-09-06,9.7100
fad4,false,2017-09-07,9.6875
89ff,false,2017-09-08,9.6200
a5f0,false,2017-09-11,9.6000
3fa7,false,2017-09-12,9.5050
8955,false,2017-09-13,9.6050
1766,false,2017-09-14,9.7600
5555,false,2017-09-15,9.6875
1a44,false,2017-09-18,9.6775
28e1,false,2017-09-19,9.6550
9833,false,2017-09-20,9.7000
6295,false,2017-09-21,9.7075
7eb3,false,2017-09-22,9.8425
3908,false,2017-09-25,9.7125
90f5,false,2017-09-26,9.6350
3e54,false,2017-09-27,9.6550
5c8b,false,2017-09-28,9.5950
151e,false,2017-09-29,9.6825
b7fe,false,2017-10-02,9.5725
2713,false,2017-10-03,9.5525
2511,false,2017-10-04,9.5825
9922,false,2017-10-05,9.6825
bb48,false,2017-10-06,9.7225
8a39,false,2017-10-09,9.6675
983f,false,2017-10-10,9.6600
3a36,false,2017-10-11,9.6525
a53d,false,2017-10-12,9.9200
49e0,false,2017-10-13,10.0025
69ee,false,2017-10-16,9.9100
9840,false,2017-10-17,9.8475
49a5,false,2017-10-18,9.8425
b1a3,false,2017-10-19,9.8650
d5e6,false,2017-10-20,9.7875
1ebb,false,2017-10-23,9.8075
4433,false,2017-10-24,9.7550
eb78,false,2017-10-25,9.7550
e65d,false,2017-10-26,9.7350
2459,false,2017-10-27,9.7975
9c8f,false,2017-10-30,9.7980
6a62,false,2017-10-31,9.8255
1da8,false,2017-11-01,9.9125
5175,false,2017-11-02,9.9925
e0f5,false,2017-11-03,9.8675
a60c,false,2017-11-06,9.9400
0d68,false,2017-11-07,9.9600
3f32,false,2017-11-08,9.9850
7827,false,2017-11-09,9.8500
c436,false,2017-11-10,9.8700
fe85,false,2017-11-13,9.7425
1016,false,2017-11-14,9.6775
ede8,false,2017-11-15,9.7625
c88f,false,2017-11-16,9.7200
a299,false,2017-11-17,9.9050
1fce,false,2017-11-20,9.9000
82d7,false,2017-11-21,9.8900
3027,false,2017-11-22,9.9725
f218,false,2017-11-24,9.9325
19c6,false,2017-11-27,9.9600
f9a4,false,2017-11-28,9.9300
c186,false,2017-11-29,9.9250
6e34,false,2017-11-30,9.8575
fb13,false,2017-12-01,9.9425
ed39,false,2017-12-04,9.9850
a4c0,false,2017-12-05,10.0850
c4de,false,2017-12-06,10.0275
4321,false,2017-12-07,9.9200
65c7,false,2017-12-08,9.8975
7ab2,false,2017-12-11,9.8250
2b62,false,2017-12-12,9.7575
c0a4,false,2017-12-13,9.7925
489c,false,2017-12-14,9.6775
1828,false,2017-12-15,9.6725
8d89,false,2017-12-18,9.6150
0b52,false,2017-12-19,9.5600
a2f1,false,2017-12-20,9.5400
4ac0,false,2017-12-21,9.4875
bffd,false,2017-12-22,9.4950
efe8,false,2017-12-26,9.6150
5c4d,false,2017-12-27,9.6030
3ba3,false,2017-12-28,9.5235
f933,false,2017-12-29,9.5975
c0b6,false,2018-01-02,9.6475
1213,false,2018-01-03,9.6875
4527,false,2018-01-04,9.6775
d908,false,2018-01-05,9.7075
ac53,false,2018-01-08,9.6675
d12d,false,2018-01-09,9.6375
4949,false,2018-01-10,9.5500
6569,false,2018-01-11,9.5000
55ba,false,2018-01-12,9.6050
759a,false,2018-01-16,9.6800
b80d,false,2018-01-17,9.6875
7eba,false,2018-01-18,9.7300
3eba,false,2018-01-19,9.7725
6040,false,2018-01-22,9.8425
50c9,false,2018-01-23,9.8625
5676,false,2018-01-24,9.9225
9273,false,2018-01-25,9.9225
8b50,false,2018-01-26,9.8550
a5b9,false,2018-01-29,9.9150
8339,false,2018-01-30,10.0025
dda4,false,2018-01-31,9.9575
7d58,false,2018-02-01,9.8500
018e,false,2018-02-02,9.7875
de6b,false,2018-02-05,9.6975
4775,false,2018-02-06,9.8625
4e3c,false,2018-02-07,9.8300
34a1,false,2018-02-08,9.8775
643a,false,2018-02-09,9.8300
7435,false,2018-02-12,10.0175
c49e,false,2018-02-13,10.1175
6ea8,false,2018-02-14,10.1725
9eda,false,2018-02-15,10.2425
e315,false,2018-02-16,10.2150
76df,false,2018-02-20,10.2650
b49b,false,2018-02-21,10.3425
c2c0,false,2018-02-22,10.3200
605a,false,2018-02-23,10.3850
4eb2,false,2018-02-26,10.3895
e47d,false,2018-02-27,10.4490
00e7,false,2018-02-28,10.5340
5199,false,2018-03-01,10.6800
2be5,false,2018-03-02,10.7100
abd4,false,2018-03-05,10.7750
fc3a,false,2018-03-06,10.7475
a512,false,2018-03-07,10.6525
59c7,false,2018-03-08,10.6400
7c67,false,2018-03-09,10.3925
70dd,false,2018-03-12,10.4100
2d59,false,2018-03-13,10.4875
84c1,false,2018-03-14,10.3225
d6a0,false,2018-03-15,10.4075
4bcc,false,2018-03-16,10.4950
04ec,false,2018-03-19,10.2250
8844,false,2018-03-20,10.2825
eee3,false,2018-03-21,10.2975
9002,false,2018-03-22,10.2975
fe22,false,2018-03-23,10.2825
6183,false,2018-03-26,10.2550
61c8,false,2018-03-27,10.1950
4ef1,false,2018-03-28,10.1800
c4ae,false,2018-03-29,10.4475
ba93,false,2018-04-02,10.3550
fe04,false,2018-04-03,10.3800
80c4,false,2018-04-04,10.1525
8ed9,false,2018-04-05,10.3125
e75d,false,2018-04-06,10.3375
932a,false,2018-04-09,10.4700
7ae9,false,2018-04-10,10.5000
f354,false,2018-04-11,10.4775
808e,false,2018-04-12,10.6075
16c6,false,2018-04-13,10.5425
0a5d,false,2018-04-16,10.4200
a443,false,2018-04-17,10.4600
4fa4,false,2018-04-18,10.4175
6428,false,2018-04-19,10.3725
a7c5,false,2018-04-20,10.2875
51f7,false,2018-04-23,10.2075
d6ed,false,2018-04-24,10.2225
4577,false,2018-04-25,10.2985
e4ae,false,2018-04-26,10.3260
0ef3,false,2018-04-27,10.5175
35a9,false,2018-04-30,10.4635
5fcb,false,2018-05-01,10.5325
7042,false,2018-05-02,10.4300
f8bf,false,2018-05-03,10.5325
f46d,false,2018-05-04,10.3675
4a59,false,2018-05-07,10.1150
4c4b,false,2018-05-08,10.2025
e83b,false,2018-05-09,10.1575
0ed6,false,2018-05-10,10.2125
ed09,false,2018-05-11,10.0325
96e7,false,2018-05-14,10.1775
1218,false,2018-05-15,10.1875
a01d,false,2018-05-16,9.9975
2c88,false,2018-05-17,9.9500
6226,false,2018-05-18,9.9850
4afe,false,2018-05-21,10.2525
ab68,false,2018-05-22,10.3050
d809,false,2018-05-23,10.3925
4f25,false,2018-05-24,10.3575
810b,false,2018-05-25,10.4150
6120,false,2018-05-29,10.3050
746c,false,2018-05-30,10.2300
03cb,false,2018-05-31,10.1850
ba52,false,2018-06-01,10.2125
6c82,false,2018-06-04,10.0175
ec46,false,2018-06-05,10.0125
233d,false,2018-06-06,9.9425
558a,false,2018-06-07,9.7425
71e7,false,2018-06-08,9.6925
b3ce,false,2018-06-11,9.5375
f090,false,2018-06-12,9.5400
5a5e,false,2018-06-13,9.3600
367c,false,2018-06-14,9.2725
24f1,false,2018-06-15,9.0550
7df8,false,2018-06-18,9.0850
95d5,false,2018-06-19,8.8900
4812,false,2018-06-20,8.8950
ffdb,false,2018-06-21,8.8050
2acc,false,2018-06-22,8.9450
3c61,false,2018-06-25,8.7450
a922,false,2018-06-26,8.6840
a7d1,false,2018-06-27,8.6970
526f,false,2018-06-28,8.6455
ef68,false,2018-06-29,8.6250
8aca,false,2018-07-02,8.5350
25dd,false,2018-07-03,8.4800
716f,false,2018-07-05,8.3925
2012,false,2018-07-06,8.7750
65d3,false,2018-07-09,8.5575
4853,false,2018-07-10,8.5575
570c,false,2018-07-11,8.3300
ae32,false,2018-07-12,8.3375
5f84,false,2018-07-13,8.1875
ed6e,false,2018-07-16,8.2950
3763,false,2018-07-17,8.3950
48ff,false,2018-07-18,8.4225
3e7b,false,2018-07-19,8.4600
1567,false,2018-07-20,8.4975
ef83,false,2018-07-23,8.4775
d7c5,false,2018-07-24,8.5800
6214,false,2018-07-25,8.6075
01a6,false,2018-07-26,8.6225
e1fd,false,2018-07-27,8.7240
8113,false,2018-07-30,8.7845
ad21,false,2018-07-31,9.0775
27b2,false,2018-08-01,8.9150
4674,false,2018-08-02,8.8700
1d3b,false,2018-08-03,8.9150
4928,false,2018-08-06,8.8275
2c7a,false,2018-08-07,8.9525
059e,false,2018-08-08,8.9975
9360,false,2018-08-09,8.9300
6964,false,2018-08-10,8.5075
15a5,false,2018-08-13,8.5725
954e,false,2018-08-14,8.6825
8c1e,false,2018-08-15,8.5750
4623,false,2018-08-16,8.8550
9120,false,2018-08-17,8.8150
e7ca,false,2018-08-20,8.8175
f6c3,false,2018-08-21,8.7450
3a55,false,2018-08-22,8.5825
80c2,false,2018-08-23,8.4200
151b,false,2018-08-24,8.4200
8866,false,2018-08-27,8.3475
3bff,false,2018-08-28,8.2305
2927,false,2018-08-29,8.2835
62a7,false,2018-08-30,8.2670
d13a,false,2018-08-31,8.4140
5eef,false,2018-09-04,8.4425
4ee2,false,2018-09-05,8.3800
3737,false,2018-09-06,8.3925
a0b4,false,2018-09-07,8.4400
540c,false,2018-09-10,8.4525
48c8,false,2018-09-11,8.3175
47cf,false,2018-09-12,8.4000
2a5c,false,2018-09-13,8.3325
e7fb,false,2018-09-14,8.3050
ac77,false,2018-09-17,8.2350
ad5f,false,2018-09-18,8.1400
9d98,false,2018-09-19,8.3000
9cd2,false,2018-09-20,8.5025
b8f8,false,2018-09-21,8.4725
a348,false,2018-09-24,8.4100
de7d,false,2018-09-25,8.4575
9181,false,2018-09-26,8.5000
2662,false,2018-09-27,8.5500
d155,false,2018-09-28,8.4550
dfb5,false,2018-10-01,8.5775
3478,false,2018-10-02,8.6600
41d2,false,2018-10-03,8.6150
7422,false,2018-10-04,8.5925
ead7,false,2018-10-05,8.6900
2ce1,false,2018-10-08,8.6975
7676,false,2018-10-09,8.6300
bbea,false,2018-10-10,8.5225
8eef,false,2018-10-11,8.5825
54cb,false,2018-10-12,8.6750
2d07,false,2018-10-15,8.9150
b6af,false,2018-10-16,8.8475
249f,false,2018-10-17,8.8575
c443,false,2018-10-18,8.6350
833f,false,2018-10-19,8.5675
b014,false,2018-10-22,8.5850
3aa7,false,2018-10-23,8.5750
9723,false,2018-10-24,8.5025
378f,false,2018-10-25,8.4175
1b33,false,2018-10-26,8.4755
0f78,false,2018-10-29,8.4430
2368,false,2018-10-30,8.4160
297c,false,2018-10-31,8.4920
6db5,false,2018-11-01,8.8200
a6ec,false,2018-11-02,8.8775
61e2,false,2018-11-05,8.8575
096e,false,2018-11-06,8.8425
bcee,false,2018-11-07,8.7950
c7f2,false,2018-11-08,8.7900
edca,false,2018-11-09,8.8675
027c,false,2018-11-12,8.8325
f857,false,2018-11-13,8.7825
7191,false,2018-11-14,8.8350
cb65,false,2018-11-15,8.8875
77af,false,2018-11-16,8.9225
95dd,false,2018-11-19,8.7375
3f3b,false,2018-11-20,8.8100
2f41,false,2018-11-21,8.8300
fc27,false,2018-11-23,8.8100
2328,false,2018-11-26,8.6225
ae6f,false,2018-11-27,8.7550
becb,false,2018-11-28,8.9050
f85a,false,2018-11-29,8.8725
6a2a,false,2018-11-30,8.9475
0391,false,2018-12-03,9.0575
62d0,false,2018-12-04,9.1175
21e3,false,2018-12-05,9.1350
81bf,false,2018-12-06,9.0950
326a,false,2018-12-07,9.1675
92f9,false,2018-12-10,9.0975
8f38,false,2018-12-11,9.1500
9338,false,2018-12-12,9.2000
0f8a,false,2018-12-13,9.0700
eb3a,false,2018-12-14,9.0050
aac6,false,2018-12-17,9.0475
3915,false,2018-12-18,9.0775
af1b,false,2018-12-19,9.0000
8f22,false,2018-12-20,8.9350
8275,false,2018-12-21,8.8475
e385,false,2018-12-24,8.8400
dab4,false,2018-12-26,8.7260
41df,false,2018-12-27,8.7440
1c54,false,2018-12-28,8.9040
7461,false,2018-12-31,8.9250
ae9a,false,2019-01-02,9.0700
2a69,false,2019-01-03,9.1275
8924,false,2019-01-04,9.2150
47d8,false,2019-01-07,9.2425
667d,false,2019-01-08,9.1850
6d18,false,2019-01-09,9.2400
9f73,false,2019-01-10,9.0675
e8aa,false,2019-01-11,9.1025
99d5,false,2019-01-14,9.0350
fe8a,false,2019-01-15,8.9325
af2a,false,2019-01-16,8.9450
77b2,false,2019-01-17,9.0775
e62c,false,2019-01-18,9.1675
acac,false,2019-01-22,9.0925
543a,false,2019-01-23,9.1500
427a,false,2019-01-24,9.1600
5c66,false,2019-01-25,9.2525
e370,false,2019-01-28,9.2325
f604,false,2019-01-29,9.1900
d416,false,2019-01-30,9.2100
1e09,false,2019-01-31,9.1525
79f3,false,2019-02-01,9.1775
569c,false,2019-02-04,9.1850
9ded,false,2019-02-05,9.2025
58f8,false,2019-02-06,9.2175
52a6,false,2019-02-07,9.1325
16a3,false,2019-02-08,9.1450
910d,false,2019-02-11,9.0500
767e,false,2019-02-12,9.1750
b6d1,false,2019-02-13,9.1650
05b0,false,2019-02-14,9.0350
bf5d,false,2019-02-15,9.0750
8526,false,2019-02-19,9.0075
8697,false,2019-02-20,9.0250
51f0,false,2019-02-21,9.1100
008d,false,2019-02-22,9.1025
9bc4,false,2019-02-25,9.1440
75c1,false,2019-02-26,9.0905
d29e,false,2019-02-27,9.1145
3e02,false,2019-02-28,9.0770
e4dc,false,2019-03-01,9.1150
1ad6,false,2019-03-04,9.1600
1a7b,false,2019-03-05,9.1375
da85,false,2019-03-06,9.0200
f295,false,2019-03-07,9.0250
2e22,false,2019-03-08,8.9575
9396,false,2019-03-11,8.9000
7726,false,2019-03-12,8.9700
2901,false,2019-03-13,9.0100
1c2a,false,2019-03-14,8.9850
d5af,false,2019-03-15,9.0925
a1d7,false,2019-03-18,9.0575
0d2e,false,2019-03-19,9.0400
49b4,false,2019-03-20,9.0600
ccc5,false,2019-03-21,9.1050
4e5c,false,2019-03-22,9.0375
68b9,false,2019-03-25,9.0650
c4ee,false,2019-03-26,9.0075
61b0,false,2019-03-27,8.8750
7cf6,false,2019-03-28,8.8950
0bfb,false,2019-03-29,8.8425
cff5,false,2019-04-01,8.9550
7559,false,2019-04-02,9.0000
09a5,false,2019-04-03,8.9875
f390,false,2019-04-04,9.0650
d4cc,false,2019-04-05,8.9900
dd80,false,2019-04-08,8.9875
9fdc,false,2019-04-09,8.9875
0f9b,false,2019-04-10,9.0200
df89,false,2019-04-11,8.9525
867e,false,2019-04-12,8.9525
778e,false,2019-04-15,8.9875
a066,false,2019-04-16,8.8800
32c2,false,2019-04-17,8.7900
b820,false,2019-04-18,8.8050
0302,false,2019-04-22,8.7700
db2c,false,2019-04-23,8.6200
b267,false,2019-04-24,8.5525
1fad,false,2019-04-25,8.6195
c284,false,2019-04-26,8.5905
2e05,false,2019-04-29,8.5545
a2da,false,2019-04-30,8.5145
774b,false,2019-05-01,8.5175
bcec,false,2019-05-02,8.4325
4f8e,false,2019-05-03,8.4225
ee84,false,2019-05-06,8.3025
e65b,false,2019-05-07,8.3075
5670,false,2019-05-08,8.2725
7f7b,false,2019-05-09,8.1275
7b17,false,2019-05-10,8.0925
bbe8,false,2019-05-13,8.0250
0840,false,2019-05-14,8.3150
3f66,false,2019-05-15,8.3550
5d9a,false,2019-05-16,8.3975
0ab3,false,2019-05-17,8.2175
3ff4,false,2019-05-20,8.3175
698c,false,2019-05-21,8.2200
372b,false,2019-05-22,8.2850
aaad,false,2019-05-23,8.2150
8b2d,false,2019-05-24,8.2975
8462,false,2019-05-28,8.5600
68bf,false,2019-05-29,8.7200
2a5f,false,2019-05-30,8.8900
7134,false,2019-05-31,8.7775
e097,false,2019-06-03,8.7900
c423,false,2019-06-04,8.8175
b981,false,2019-06-05,8.6975
8fae,false,2019-06-06,8.6875
0da4,false,2019-06-07,8.5625
e3f4,false,2019-06-10,8.5850
f027,false,2019-06-11,8.5925
bf1c,false,2019-06-12,8.7800
a05f,false,2019-06-13,8.8800
abf6,false,2019-06-14,8.9675
9765,false,2019-06-17,9.1275
24dc,false,2019-06-18,9.1350
e286,false,2019-06-19,9.0325
9bbb,false,2019-06-20,9.1550
e2d9,false,2019-06-21,9.0275
04f1,false,2019-06-24,9.0900
26d6,false,2019-06-25,9.0455
195c,false,2019-06-26,8.9645
65ed,false,2019-06-27,8.9135
3214,false,2019-06-28,9.0355
4c65,false,2019-07-01,8.8975
7eaa,false,2019-07-02,8.7975
a702,false,2019-07-03,8.8975
bd6c,false,2019-07-05,8.7600
6684,false,2019-07-08,8.7900
86aa,false,2019-07-09,8.8600
7d94,false,2019-07-10,8.9450
76ba,false,2019-07-11,8.9900
c4c4,false,2019-07-12,9.1325
55c8,false,2019-07-15,9.0175
1f5d,false,2019-07-16,8.8775
ddbc,false,2019-07-17,8.8250
ad7c,false,2019-07-18,8.8125
1150,false,2019-07-19,9.0150
4551,false,2019-07-22,8.8825
6d9b,false,2019-07-23,8.8575
11ab,false,2019-07-24,8.9100
bfb1,false,2019-07-25,8.8250
7687,false,2019-07-26,8.8435
53f7,false,2019-07-29,8.8805
2b6e,false,2019-07-30,8.8205
064a,false,2019-07-31,8.6800
227e,false,2019-08-01,8.5275
b414,false,2019-08-02,8.5575
9daf,false,2019-08-05,8.5600
68b6,false,2019-08-06,8.5300
c86d,false,2019-08-07,8.5400
c51a,false,2019-08-08,8.7025
4d7f,false,2019-08-09,8.7900
bb18,false,2019-08-12,8.6675
6028,false,2019-08-13,8.7625
ce4e,false,2019-08-14,8.6550
b2b5,false,2019-08-15,8.5800
f374,false,2019-08-16,8.6725
8a6b,false,2019-08-19,8.5400
82bb,false,2019-08-20,8.5575
e284,false,2019-08-21,8.6050
2a96,false,2019-08-22,8.5600
7709,false,2019-08-23,8.4325
c08b,false,2019-08-26,8.5375
55f4,false,2019-08-27,8.4885
62fa,false,2019-08-28,8.5795
778c,false,2019-08-29,8.6360
9c16,false,2019-08-30,8.6660
91f1,false,2019-09-03,8.6850
a6b7,false,2019-09-04,8.7550
7ff4,false,2019-09-05,8.6150
ff11,false,2019-09-06,8.5775
a464,false,2019-09-09,8.5775
3211,false,2019-09-10,8.7200
0497,false,2019-09-11,8.6650
c44e,false,2019-09-12,8.9550
efbd,false,2019-09-13,8.9875
b405,false,2019-09-16,9.0000
89e0,false,2019-09-17,8.9375
0a8d,false,2019-09-18,8.8875
6e78,false,2019-09-19,8.9300
29ba,false,2019-09-20,8.8275
3878,false,2019-09-23,8.9250
03f7,false,2019-09-24,8.9425
0588,false,2019-09-25,8.8925
e58d,false,2019-09-26,8.8850
6b13,false,2019-09-27,8.8300
2fac,false,2019-09-30,9.0600
2acc,false,2019-10-01,9.1950
5583,false,2019-10-02,9.1375
aed1,false,2019-10-03,9.1175
27c9,false,2019-10-04,9.1625
8746,false,2019-10-07,9.1525
d1b4,false,2019-10-08,9.2050
5f64,false,2019-10-09,9.2375
60e7,false,2019-10-10,9.2350
811a,false,2019-10-11,9.3600
4c65,false,2019-10-14,9.4050
a05b,false,2019-10-15,9.3400
a2df,false,2019-10-16,9.2800
83bc,false,2019-10-17,9.3150
1de1,false,2019-10-18,9.3400
10e3,false,2019-10-21,9.3325
a1d6,false,2019-10-22,9.3400
4dd9,false,2019-10-23,9.3375
a859,false,2019-10-24,9.3325
b7a7,false,2019-10-25,9.2025
baa2,false,2019-10-28,9.2370
53a1,false,2019-10-29,9.2435
304d,false,2019-10-30,9.2470
e9ed,false,2019-10-31,9.2915
4473,false,2019-11-01,9.3675
a05a,false,2019-11-04,9.3800
5014,false,2019-11-05,9.3425
e8b0,false,2019-11-06,9.2750
22b2,false,2019-11-07,9.3650
1956,false,2019-11-08,9.3100
7463,false,2019-11-11,9.1700
3f7f,false,2019-11-12,9.1700
3c8e,false,2019-11-13,9.1525
8bdf,false,2019-11-14,9.1675
5e99,false,2019-11-15,9.1825
8dcb,false,2019-11-18,9.1025
a607,false,2019-11-19,9.1150
716b,false,2019-11-20,9.0500
38d7,false,2019-11-21,9.0100
451d,false,2019-11-22,8.9700
49bb,false,2019-11-25,8.9250
b7ab,false,2019-11-26,8.8425
f881,false,2019-11-27,8.8200
93dd,false,2019-11-29,8.7675
66d1,false,2019-12-02,8.7050
14d3,false,2019-12-03,8.7100
d4ac,false,2019-12-04,8.7800
aa0a,false,2019-12-05,8.8425
48a1,false,2019-12-06,8.8950
c0a6,false,2019-12-09,8.9725
1653,false,2019-12-10,9.0125
94df,false,2019-12-11,8.9350
ef09,false,2019-12-12,8.9825
c35d,false,2019-12-13,9.0750
a588,false,2019-12-16,9.2200
a6db,false,2019-12-17,9.2875
0f95,false,2019-12-18,9.2850
e5dc,false,2019-12-19,9.2450
5bbb,false,2019-12-20,9.2825
a9ed,false,2019-12-23,9.3400
9eab,false,2019-12-24,9.3650
78c8,false,2019-12-26,9.3950
f196,false,2019-12-27,9.3430
9413,false,2019-12-30,9.4730
9030,false,2019-12-31,9.5300
07cc,false,2020-01-02,9.5625
4fbd,false,2020-01-03,9.4150
aae9,false,2020-01-06,9.4475
36d8,false,2020-01-07,9.4400
3d60,false,2020-01-08,9.4725
a21b,false,2020-01-09,9.4350
47c5,false,2020-01-10,9.4600
3f3c,false,2020-01-13,9.4225
3e9a,false,2020-01-14,9.4225
fea8,false,2020-01-15,9.2875
6740,false,2020-01-16,9.2400
69c4,false,2020-01-17,9.2975
0518,false,2020-01-21,9.1600
36af,false,2020-01-22,9.1375
60a1,false,2020-01-23,9.0950
45f1,false,2020-01-24,9.0200
303f,false,2020-01-27,8.9725
72d6,false,2020-01-28,8.9500
9d87,false,2020-01-29,8.9300
d00c,false,2020-01-30,8.7625
86ee,false,2020-01-31,8.7250
6da8,false,2020-02-03,8.7700
c383,false,2020-02-04,8.7950
693d,false,2020-02-05,8.8000
7e33,false,2020-02-06,8.8100
848e,false,2020-02-07,8.8200
a113,false,2020-02-10,8.8425
1486,false,2020-02-11,8.8475
181e,false,2020-02-12,8.9250
8afc,false,2020-02-13,8.9625
498b,false,2020-02-14,8.9375
72fb,false,2020-02-18,8.9225
2e2a,false,2020-02-19,8.9725
4381,false,2020-02-20,8.9275
56e2,false,2020-02-21,8.9050
97ad,false,2020-02-24,8.7425
f75a,false,2020-02-25,8.8085
1cef,false,2020-02-26,8.8540
264b,false,2020-02-27,8.9150
e5c4,false,2020-02-28,8.9090
7049,false,2020-03-02,9.0100
cdb3,false,2020-03-03,9.0350
610f,false,2020-03-04,9.0725
8c8b,false,2020-03-05,8.9700
4041,false,2020-03-06,8.9125
6929,false,2020-03-09,8.7000
a202,false,2020-03-10,8.7625
8f21,false,2020-03-11,8.7325
a656,false,2020-03-12,8.5950
1126,false,2020-03-13,8.4875
02f9,false,2020-03-16,8.2175
56c2,false,2020-03-17,8.2425
8f28,false,2020-03-18,8.2550
1e3f,false,2020-03-19,8.4325
e426,false,2020-03-20,8.6250
7cee,false,2020-03-23,8.8400
b135,false,2020-03-24,8.8675
66df,false,2020-03-25,8.8150
c648,false,2020-03-26,8.8025
d215,false,2020-03-27,8.8150
2bad,false,2020-03-30,8.8225
3bb9,false,2020-03-31,8.8600
f7dc,false,2020-04-01,8.6275
f812,false,2020-04-02,8.5875
002c,false,2020-04-03,8.5425
f828,false,2020-04-06,8.5550
b649,false,2020-04-07,8.5475
03df,false,2020-04-08,8.5450
e026,false,2020-04-09,8.6350
0949,false,2020-04-13,8.5425
ea55,false,2020-04-14,8.4700
ab45,false,2020-04-15,8.4200
46c9,false,2020-04-16,8.3675
e5ad,false,2020-04-17,8.3250
f05e,false,2020-04-20,8.2650
369b,false,2020-04-21,8.3075
2bee,false,2020-04-22,8.3475
7e2f,false,2020-04-23,8.3925
b6f2,false,2020-04-24,8.3225
1e2f,false,2020-04-27,8.3050
1fc9,false,2020-04-28,8.2840
4cd9,false,2020-04-29,8.3520
bdc8,false,2020-04-30,8.5425
9589,false,2020-05-01,8.4950
2e7c,false,2020-05-04,8.3650
1a82,false,2020-05-05,8.3950
e7f5,false,2020-05-06,8.3250
b403,false,2020-05-07,8.4425
d507,false,2020-05-08,8.5050
43fb,false,2020-05-11,8.5500
694b,false,2020-05-12,8.5200
74a2,false,2020-05-13,8.3950
d89b,false,2020-05-14,8.3700
2ca5,false,2020-05-15,8.3850
1f7e,false,2020-05-18,8.4500
9597,false,2020-05-19,8.4250
8b93,false,2020-05-20,8.4675
4802,false,2020-05-21,8.3500
9362,false,2020-05-22,8.3325
4da8,false,2020-05-26,8.4700
910a,false,2020-05-27,8.4850
7d2d,false,2020-05-28,8.4700
ff37,false,2020-05-29,8.4075
e4a8,false,2020-06-01,8.4050
cea3,false,2020-06-02,8.5050
3198,false,2020-06-03,8.5750
28e5,false,2020-06-04,8.6775
2409,false,2020-06-05,8.6775
f285,false,2020-06-08,8.6475
be75,false,2020-06-09,8.6325
b4b7,false,2020-06-10,8.6550
99fd,false,2020-06-11,8.6600
00ea,false,2020-06-12,8.7125
10e5,false,2020-06-15,8.6900
0c73,false,2020-06-16,8.6700
92b6,false,2020-06-17,8.7125
5706,false,2020-06-18,8.7300
a3a3,false,2020-06-19,8.7650
e777,false,2020-06-22,8.7625
d58a,false,2020-06-23,8.7500
55fa,false,2020-06-24,8.7075
cb1e,false,2020-06-25,8.6870
3792,false,2020-06-26,8.6300
23a4,false,2020-06-29,8.6350
6972,false,2020-06-30,8.7985
b17c,false,2020-07-01,8.9150
584b,false,2020-07-02,8.9125
61e5,false,2020-07-06,8.9850
17c3,false,2020-07-07,8.9675
ee52,false,2020-07-08,8.9250
eb6e,false,2020-07-09,8.9650
24d1,false,2020-07-10,8.8725
2442,false,2020-07-13,8.7400
76d4,false,2020-07-14,8.7800
bbb4,false,2020-07-15,8.8625
1f94,false,2020-07-16,8.9350
8aa5,false,2020-07-17,8.9800
cbf1,false,2020-07-20,9.0300
8005,false,2020-07-21,8.9650
08c9,false,2020-07-22,8.9925
53aa,false,2020-07-23,9.0625
e816,false,2020-07-24,9.0475
6541,false,2020-07-27,9.0650
0161,false,2020-07-28,8.9495
56d5,false,2020-07-29,8.8870
22e2,false,2020-07-30,8.8875
e78e,false,2020-07-31,8.9170
efea,false,2020-08-03,8.9300
5290,false,2020-08-04,8.7975
bed1,false,2020-08-05,8.7625
6444,false,2020-08-06,8.7475
b6bc,false,2020-08-07,8.6575
d7dc,false,2020-08-10,8.7000
69ba,false,2020-08-11,8.7050
9a95,false,2020-08-12,8.8050
cdea,false,2020-08-13,8.9625
a2a0,false,2020-08-14,8.9700
d1df,false,2020-08-17,9.1250
79ff,false,2020-08-18,9.1200
a9f4,false,2020-08-19,9.1250
e2bf,false,2020-08-20,9.0300
a082,false,2020-08-21,9.0075
7a85,false,2020-08-24,8.9975
fb8c,false,2020-08-25,9.1375
78d5,false,2020-08-26,9.2045
edb4,false,2020-08-27,9.3915
911d,false,2020-08-28,9.5050
8f13,false,2020-08-31,9.5305
724f,false,2020-09-01,9.5475
5a37,false,2020-09-02,9.6200
b94e,false,2020-09-03,9.6600
2a7a,false,2020-09-04,9.6800
96be,false,2020-09-08,9.7300
8ac8,false,2020-09-09,9.7875
5730,false,2020-09-10,9.7750
9050,false,2020-09-11,9.9600
8844,false,2020-09-14,9.9950
918d,false,2020-09-15,9.9150
4dde,false,2020-09-16,10.1125
0d6b,false,2020-09-17,10.2850
a1e2,false,2020-09-18,10.4350
b01a,false,2020-09-21,10.2250
32cc,false,2020-09-22,10.1975
d51b,false,2020-09-23,10.1450
b2f5,false,2020-09-24,10.0000
59bb,false,2020-09-25,10.0250
c2b0,false,2020-09-28,9.9625
468e,false,2020-09-29,9.9300
797c,false,2020-09-30,10.2350
73b6,false,2020-10-01,10.2350
27b7,false,2020-10-02,10.2075
6246,false,2020-10-05,10.2150
9bbb,false,2020-10-06,10.4400
e528,false,2020-10-07,10.5100
b5b2,false,2020-10-08,10.5000
4212,false,2020-10-09,10.6550
56aa,false,2020-10-12,10.3375
409a,false,2020-10-13,10.4400
96d0,false,2020-10-14,10.5625
3394,false,2020-10-15,10.6225
3fc1,false,2020-10-16,10.5000
f047,false,2020-10-19,10.5425
4f82,false,2020-10-20,10.6400
7a60,false,2020-10-21,10.7200
8a2e,false,2020-10-22,10.7375
0072,false,2020-10-23,10.8375
4f9e,false,2020-10-26,10.8775
eeec,false,2020-10-27,10.8110
9378,false,2020-10-28,10.5625
14b6,false,2020-10-29,10.5100
30c1,false,2020-10-30,10.5630
7b5b,false,2020-11-02,10.5225
e6fa,false,2020-11-03,10.6425
f2a9,false,2020-11-04,10.8625
d3ab,false,2020-11-05,11.0375
a7c0,false,2020-11-06,11.0150
35d6,false,2020-11-09,11.1050
0b27,false,2020-11-10,11.4600
56cb,false,2020-11-11,11.5250
b074,false,2020-11-12,11.4550
cb2c,false,2020-11-13,11.4800
f7c2,false,2020-11-16,11.5350
659d,false,2020-11-17,11.6975
d642,false,2020-11-18,11.7575
6086,false,2020-11-19,11.7750
a92d,false,2020-11-20,11.8100
19c5,false,2020-11-23,11.9150
bab8,false,2020-11-24,11.9125
9d1c,false,2020-11-25,11.8400
02d0,false,2020-11-27,11.9175
d78a,false,2020-11-30,11.6850
7273,false,2020-12-01,11.6200
371a,false,2020-12-02,11.5300
f097,false,2020-12-03,11.6825
5fe4,false,2020-12-04,11.6300
dd0a,false,2020-12-07,11.5850
51d2,false,2020-12-08,11.4575
c7ac,false,2020-12-09,11.5850
edde,false,2020-12-10,11.5275
3606,false,2020-12-11,11.6050
4ec3,false,2020-12-14,11.6950
eb5a,false,2020-12-15,11.8425
201b,false,2020-12-16,11.8375
377f,false,2020-12-17,12.0125
63b9,false,2020-12-18,12.2000
d508,false,2020-12-21,12.4325
9739,false,2020-12-22,12.4725
9bd2,false,2020-12-23,12.5875
e0a9,false,2020-12-24,12.6350
5e30,false,2020-12-28,12.5565
830c,false,2020-12-29,12.9570
6ade,false,2020-12-30,13.0180
4ba4,false,2020-12-31,13.1185
1d95,false,2021-01-04,13.1300
af3f,false,2021-01-05,13.4700
5cc3,false,2021-01-06,13.6150
b941,false,2021-01-07,13.5525
f583,false,2021-01-08,13.7475
26c0,false,2021-01-11,13.7250
5046,false,2021-01-12,14.1825
f24e,false,2021-01-13,14.0625
6d02,false,2021-01-14,14.3050
89a9,false,2021-01-15,14.1675
